demo1,$pellbook!23,Demo User 1,domains.csv
demo2,$pellbook!23,Demo User 2,domains.csv
demo3,$pellbook!23,Demo User 3,domains.csv
demo4,$pellbook!23,Demo User 4,domains.csv
demo5,$pellbook!23,Demo User 5,domains.csv
demo6,$pellbook!23,Demo User 6,domains.csv
demo7,$pellbook!23,Demo User 7,domains.csv
demo8,$pellbook!23,Demo User 8,domains.csv
demo9,$pellbook!23,Demo User 9,domains.csv
demo10,$pellbook!23,Demo User 10,domains.csv
demo11,$pellbook!23,Demo User 11,domains.csv
demo12,$pellbook!23,Demo User 12,domains.csv
demo13,$pellbook!23,Demo User 13,domains.csv
demo14,$pellbook!23,Demo User 14,domains.csv
demo15,$pellbook!23,Demo User 15,domains.csv
demo16,$pellbook!23,Demo User 16,domains.csv
demo17,$pellbook!23,Demo User 17,domains.csv
demo18,$pellbook!23,Demo User 18,domains.csv
demo19,$pellbook!23,Demo User 19,domains.csv
demo20,$pellbook!23,Demo User 20,domains.csv
demo21,$pellbook!23,Demo User 21,domains.csv
demo22,$pellbook!23,Demo User 22,domains.csv
demo23,$pellbook!23,Demo User 23,domains.csv
demo24,$pellbook!23,Demo User 24,domains.csv
demo25,$pellbook!23,Demo User 25,domains.csv
